text,label,source_url,notes
"Yea! Cal literally did everything he could, also giving the general the ok to help X's wife. Like what else can he do. It's X's own fault for not even trying to stop Teri from going.",critique,paradise_s2_thread_1,"Judgment (X's fault) backed by evidence"
"yeah! They literally told him ""Extinction Level Event"" and he couldn't convince his wife to stay home with the kids in case of an emergency evacuation? Irresponsible parenting… Marsha's son could have had that seat/ticket",critique,paradise_s2_thread_1,"Judgment plus reasoning"
"It was bugging me how hypocritical X was this season too. While he was moving across the country trying to find Teri, he kept lecturing everybody about how important it is to see the good in people and assume good intent. Meanwhile, almost every single first interaction he had with a new person was immediate violence lmao: killing the guy tracking the kids, tackling the guy in the house he broke into, holding Gary at gunpoint when he met him, etc",critique,paradise_s2_thread_1,"Strong critique with stacked evidence"
"he literally has one attempt on screen to stop her and it's weak af ""maybe you shouldn't go..."" as she's literally getting in the car to go to the airport. How about a real warning so cancel your flight and let's wait a few days?",critique,paradise_s2_thread_1,"Critiques the writing as weak, offers alternative"
"Honestly, I like this show, but it is completely absurd that Sinatra decides to never warn people of the 2nd ELE that she was warned about and would change a lot of people's decision making.",critique,paradise_s2_thread_1,"Critiques plausibility with reasoning"
"I loved this show when I watched it back when it started in season 1 and im so pleasantly surprised that the show has gained more attention",reaction,paradise_s2_thread_1,"Mostly emotion"
"I wish Annie and Billy Pace had a longer time in the whole show. Are they really going to end this after season three? This show is so good.",reaction,paradise_s2_thread_1,"Emotional wish plus praise"
"That's not really much of a tough decision.",hot_take,paradise_s2_thread_1,"Bare claim, no reasoning"
"6-8 seasons is a lot… at that point the storylines would just get stale",hot_take,paradise_s2_thread_1,"Borderline — sliver of reasoning, leaning hot_take"
"My take: season 2 > season 1",hot_take,paradise_s2_finale_thread,"Bare claim, no reasoning"
"I think they did a great job with the the outside world, all the characters we came across felt real and grounded. Favourites from this season were Xavier, Teri and Annie and least favourites were Agent Robinson and Jane. Robinson's character feels a bit redundant at this point.",critique,paradise_s2_finale_thread,"Judgment plus specifics"
"""Grounded"" is no longer a word that can possibly describe this story.",hot_take,paradise_s2_finale_thread,"Snarky bare assertion, rebuttal"
"Season 2 was incredibly stupid at every turn. I had some laughs and was entertained but it mostly reminded me of other shows that do it better. The finale was really a disappointment, didn't give any info they hadn't already been pushing for weeks and just kicked the can down the road to next season. The backstory for this computer just being alive and in charge was a real letdown. This show is really uneven and mostly bad. The set-up for next season is really boring.",critique,paradise_s2_finale_thread,"Detailed judgment plus reasoning"
"not got solution for time travel mysteries, but other than that this season was awesome",hot_take,paradise_s2_finale_thread,"DIFFICULT: emotive (awesome) plus caveat; could read as reaction. Called hot_take for the evaluative claim"
"I cant tell whether they just randomly decided to switch to sci-fi while writing season 2, or if it was always supposed to be this and season 1 was executed very poorly. Either way, the writers really did a terrible job with this. As a sci-fi lover I'm lowkey offended at how this was done.",critique,paradise_s2_finale_thread,"Judgment plus reasoning, some emotion"
"Very disappointed with the episode. Way too many critical events and meet ups were just rushed through and it made me feel cheated. Who's idea was 8 episodes? Come on.",critique,paradise_s2_finale_thread,"Reasoning (rushed, too few episodes)"
"Can someone tell me why Season 2 changed so much? The pacing was not the same at all. The huge back story in episode 1 was the total opposite of the pacing all throughout season 1. The pacing is what made me fall in love with it. Episode 2 was nonsensical for so many reasons. I would say that episode was one of the worst episodes I have watched of any TV show. We just stopped watching it. Such a let-down.",critique,paradise_s2_finale_thread,"Heavy reasoning on pacing"
"Episode 2/3 definitely felt off but once you get through it id say it gets so good. As a fellow Expanse lover im surprised youre having trouble with it. The expanse season 4 was criticized but it was a necessary story arc to push the plot forward.",critique,paradise_s2_finale_thread,"Judgment plus comparison reasoning"
"As a med student all of Annie's doctoring scenes were driving me crazy",hot_take,paradise_s2_finale_thread,"DIFFICULT: credential implies reasoning but none given; emotive. Borderline reaction/critique, called hot_take"
"I am just about to finish my first watch and I'm so impressed with the storytelling. I know it's not exactly a new concept to reveal everything through flashback but it feels like something that hasn't been done before. The writers hooked me in on the first episode which is something I can't say about any other series I've watched in the past decade.",critique,paradise_s2_finale_thread,"Judgment plus reasoning (flashback technique)"
"Lot of hate here, I enjoyed the show. A lot of the problems I had with the show were pacing. You've got to suspend your brain a little with most scifi and dystopian media, no need to nitpick every single little thing. Episode 2 of Season 2 is one of my favourites, alongside Episode 7. The worldbuilding is something this show excels at, in my view.",critique,paradise_s2_finale_thread,"Judgment plus reasoning, defends the show"
"This show kinda fucking sucks",hot_take,paradise_s2_finale_thread,"Bare claim, no reasoning"
"That was Beautiful.",reaction,paradise_s2_finale_thread,"Pure emotion"
"Enjoyed S1. Agent Billy Pace was my favourite episode and character. Didn't enjoy the slow start to S2 or the new characters. The time manipulation was a welcome twist but the last two episodes did not save the season for me. The different pacing makes the season feel disjointed and the info on Alex is just not enough. The bunker characters didn't have enough time to breathe for all their shifts and changes.",critique,paradise_s2_finale_thread,"Detailed reasoning"
"I didn't like how quickly and easily X got from Colorado to ATL and back again, then the second they're home it's a nuclear meltdown. Like the timing was so perfect he literally had to slide through the door closing at the last second? Ridiculous",critique,paradise_s2_finale_thread,"Judgment (ridiculous) plus reasoning (convenient timing)"
"The show has such terrible music placement. The season two finale is the example of it.",hot_take,paradise_s2_finale_thread,"DIFFICULT: names an example but no real reasoning; borderline critique"
"Agree, I've only watched the first 4 episodes or so, but the music is horrible. Terrible song selection and horrible cover versions.",hot_take,paradise_s2_finale_thread,"Bare negative claims, minimal reasoning"
"Just saw the end of season 2 and am so upset that I won't watch season 3 and wish I never started the series. I feel like they jumped the shark and I feel like they took the easy way out. So disappointed",reaction,paradise_s2_finale_thread,"DIFFICULT: heavy emotion but evaluative claims (jumped shark); called reaction as emotion dominates"
"I agree last few episodes were extremely poorly written especially in regards to the bunker. They had flashbacks showing all the redundancies and brilliant minds that had built it, automated systems, billions of dollars. Their entire bunker was taken out by 3 escaped prisoners who had wrenches and hit the tops of some valves. My garage door has more redundancy than this. I also like how the psychiatrist who at best has a minor role suddenly is calling all the shots at the end for no reason. That message could have been an email.",critique,paradise_s2_finale_thread,"Extensive detailed critique"
"wow wow wow ep 7 season 1 made me cry so hard, i still have a headache the day after",reaction,paradise_s2_finale_thread,"Pure emotional response"
"The last episode was awful lol",hot_take,paradise_s2_finale_thread,"Bare claim"
"Love, love this show! Everything about it! It's stayed with me long after finishing season 2, and sad season 3 will be the last.",reaction,paradise_s2_finale_thread,"Pure enthusiasm"
"Maybe an unpopular opinion but I think season 1 is miles ahead of season 2, and here's why. Season 1 has a central mystery with who killed Cal and why. It all makes sense within the world. Contrast this to season two. The fallout from season one doesn't seem to really impact anyone outside of the main players. Xavier is out in the world and every new episode feels like a level in a video game. The whole stuff happening in the bunker is just more interesting to me.",critique,paradise_s2_finale_thread,"Detailed comparative critique"
"I also didn't like how Sinatra being gone, the #2 in charge is her therapist?! This is the person who decides to nuke the place? The only reason the place was entering meltdown was because of 3 psychos destroying the oxygen tanks right?",critique,paradise_s2_finale_thread,"Judgment plus reasoning"
"I'm really glad the guys who showed up weren't bad guys.",reaction,paradise_s2_premiere_thread,"Emotional relief, no argument"
"Annie needing to sob in Lincs arms prior to an amazing intimate connection was the most REAL LIFE writing/acting I've seen in ages. Annie having to be so incredibly independent for 3 years and then Linc allowing her to feel protected even if just for an hour was so beautifully vulnerable and confident. I will say watching the water rise through the city streets and her first thought being lets go to the basement seemed like bad writing. Why wouldn't she assume to go to the upper floors?",critique,paradise_s2_premiere_thread,"Praise plus a specific writing criticism with reasoning"
"Loved the scene where Annie's horse comes back home and the Paradise theme plays for the first time in the episode… beautiful.",reaction,paradise_s2_premiere_thread,"Emotional praise of a moment"
"I like this show, but sometimes it has moments where I have to tell myself just go with it so I can get the emotional payoff. No one really thought to enter Graceland and ransack the place in two or three years? How did it have enough food to sustain Annie the entire time? How did the horse survive?",critique,paradise_s2_premiere_thread,"Judgment plus specific plausibility problems"
"Beautiful, emotional episode but as a woman, I just know I'm not having a baby during an apocalypse, knowing that I'm not gonna get adequate birth care for the child and going through that agony of giving birth without any modern day medicine or any resources nahhhhh",reaction,paradise_s2_premiere_thread,"Emotional personal response"
"The romantic scene was very well done. Like Big Screen good. Not something you expect from a scifi tv show.",critique,paradise_s2_premiere_thread,"Judgment with a small comparative reason"
"I really enjoyed the first episode! I loved seeing things from the other perspective. And I like that they took the time to really give us a full in-depth look at what went down. Nice backstory!",reaction,paradise_s2_premiere_thread,"Enthusiastic praise, light reasoning, emotion dominates"
"I absolutely loved that for a first episode. Though I spent the entire time tense as hell waiting for something bad to happen. Really hoping she finds Link alive",reaction,paradise_s2_premiere_thread,"Emotional response"
"That first embrace hook up scene felt like meeting your crush on vacay.",reaction,paradise_s2_premiere_thread,"Emotional impression"
"Ok i am so all in to this season just like last year. Great, great, great effing show and storytelling. I missed the hell outta this show. Now all i can think about is anne reuniting with link. Ughhhh its killing me. I want the whole season now!!!",reaction,paradise_s2_premiere_thread,"Pure enthusiasm"
"Dan Fogleman does it again!! One of the best starts to a new season I've seen. I'm such a big fan of the storybuilding between Link and Annie. They have such chemistry. From the start we can see Annie already lives in isolation, she lost her mom young, she has anxiety and mental struggles that led to her leaving medical school, but Graceland has become this safe haven. I love how Link stopped her and just hugged her and kissed the top of her head in that moment.",critique,paradise_s2_premiere_thread,"Praise backed by detailed reasoning about character writing"
"I liked it. I know it wasn't what people were expecting but I liked that we got to see what happened from the non-bunker perspective. I also gasped when she turned out pregnant, am dying to know who Alex is.",reaction,paradise_s2_premiere_thread,"Mild judgment but emotion-driven"
"I have only watched this episode. But it seems the world was not as fucked during the volcanic winter as we were lead to believe. So one big thing I take away is that if instead of hiding in the bunker, the billionaires and their puppet president had worked to maintain order and civilization they might have been moderately successful in keeping the world together.",critique,paradise_s2_premiere_thread,"Reasoned analysis of the show's premise"
"I loved this episode so much. Like I really, really loved it. I have to wake up early and I'm trying really hard not to start the next one.",reaction,paradise_s2_premiere_thread,"Pure emotion"
"Shailene Woodley and Thomas Doherty did the first hug scene so well! It was such a tender moment, really well handled",reaction,paradise_s2_premiere_thread,"Emotional praise of acting"
"It was so nice to see a group of marauders who didn't want to hurt or kill the protagonist of the episode.",reaction,paradise_s2_premiere_thread,"Emotional relief"
"As a longtime viewer of the Walking Dead franchise it was so refreshing to see that group NOT be a bunch of murdering psychopaths!",reaction,paradise_s2_premiere_thread,"Emotional relief with light comparison"
"Honestly I was waiting the whole time for some evil shiz to go down",reaction,paradise_s2_premiere_thread,"Emotional tension"
"I was yelling about birth control and being careful their whole seduction scene. What a terrible time/place to be pregnant! For context I am in my third trimester and I just knew that's where this plot was going and it felt like a horror movie to me. Don't go in there!",reaction,paradise_s2_premiere_thread,"Strong emotional running commentary"
"I'm shaking after that episode like every atom in my body feels electric I LOVE THIS SHOW SO MUCH what a finale!!!! So damn good",reaction,paradise_s2_finale_reactions,"Pure emotional response"
"Clocked that too! With the same theme! Love this show",reaction,paradise_s2_finale_reactions,"Emotional, no argument"
"so i need season three next week",reaction,paradise_s2_finale_reactions,"Emotional impatience"
"Alex answering the equation without being asked somehow sent chills down my spine",reaction,paradise_s2_finale_reactions,"Physical emotional reaction"
"""By the end of the day you'll be dead"" just gave me chills",reaction,paradise_s2_finale_reactions,"Emotional reaction to a line"
"Julianne Nicholson is such a phenomenal actress.",hot_take,paradise_s2_finale_reactions,"Bare praise claim about an actor, no reasoning"
"Link getting told by Sinatra that he's her son before being told by Xavier that he met his lover but also his lover's dead but only because she birthed his child?? That would be a LOT to take in at once omg",reaction,paradise_s2_finale_reactions,"Emotional reaction to plot beat"
"I am glad we were able to hear the convo between X and Sinatra at the end. When they pulled away from it I thought it was going to be something we would have to wait until S3 to feature.",reaction,paradise_s2_finale_reactions,"Mild satisfaction, emotion-led"
"I appreciate the writers answering a few questions early in the episode.",hot_take,paradise_s2_finale_reactions,"Brief approval claim, minimal reasoning"
"I hate how many times the Collins family get separated, my anxiety goes up each time",reaction,paradise_s2_finale_reactions,"Emotional response"
"Pressley thought her mother was dead for 3 years and she immediately runs off with her boyfriend as soon as he pops up. Teenagers are special.",critique,paradise_s2_finale_reactions,"Judgment about a character choice with reasoning"
"""We haven't asked the question yet."" I love this show.",reaction,paradise_s2_finale_reactions,"Emotional declaration"
"lol why am i crying over sinatra she really really grew on me",reaction,paradise_s2_finale_reactions,"Emotional response"
"Strong season imo. Getting into time travel can get dangerous. I hope they don't get Lost along the way.",hot_take,paradise_s2_finale_reactions,"Verdict (strong season) with a light caveat, leaning hot_take"
"Sinatra saying ok thank you in response to Xavier saying he would cut off her arm to use her wristband made me lol",reaction,paradise_s2_finale_reactions,"Emotional/amused reaction"
"Glad that knee is better, Xavier",critique,paradise_s2_finale_reactions,"Sarcastic dig at a continuity/writing inconsistency (knee injury forgotten)"
"Sinatra couldn't give Xavier a few more seconds to clear the doors?",reaction,paradise_s2_finale_reactions,"Amused reaction to a plot moment"
"I'm much more interested in whats going on in the bunker and the political intrigue. That's what made this a fantastic thriller. Every episode this season except for Episode 2 has been a slow, plodding tonal disconnect from everything truly gripping about the series. In short, Paradise works best as a thriller mystery, not as a post-apocalyptic adventure series.",critique,paradise_format_debate,"Detailed argued judgment about the format"
"You know I'll never understand this line of thinking. How boring would it be if it was just season after season of them in the bunker not knowing what was going on outside. Every show has its bigger picture story and lore and I hate when people complain the moment we get something new. They did the same with Severance. Why are people complaining about a show that it was never going to be?",critique,paradise_format_debate,"Counter-argument with reasoning and comparison"
"I love season 2, it's getting us the background of how it came to be. And I suspect when the link is made, opinions will shift.",hot_take,paradise_format_debate,"Verdict with minimal reasoning"
"Me too! Agree with you. I thought I wouldn't like it but gave it a chance and I'm enjoying the ride.",reaction,paradise_format_debate,"Emotional agreement"
"I personally love it. The bunker is boring, outside world is so much more fun and unknown. Seeing Jane continuing to do wild shit under no suspicion is just irritating. The only interest I have in the bunker is whatever it is Link wants to do there.",critique,paradise_format_debate,"Judgment with reasons for each preference"
"Total opposite for me. I am way more into the apocalypse stuff. Especially since the bunker just looked like an American suburb that setting was getting super boring. I agree they could maybe switch between the two more.",critique,paradise_format_debate,"Preference backed by a specific reason"
"Honestly I'm obsessed. I love this shit so much. More than any show I've seen in a long time. I love season 2. I loved season 1. I love it all.",reaction,paradise_format_debate,"Pure enthusiasm"
"It's cheesy but I'm into it, the first couple episodes of season 2 were boring for me but I really liked this last one on Monday",hot_take,paradise_format_debate,"Mixed verdict, light reasoning"
"I'm giving season 2 room to play around. Many great shows have funny season 2s where they experiment with the format (see breaking bad, the wire) so im glad to see it try something different than season 1.",critique,paradise_format_debate,"Argued defense with examples"
"I think it's great seeing this quasi-realistic view of the world after the apocalypse. It's refreshing to see mankind acting how mankind would likely act, rather than a mad-max crazy world where people give up the cooperation that's ensured humanities survival during times of duress.",critique,paradise_format_debate,"Judgment with reasoning"
"I am bummed that the show has changed because I was fully invested in the bunker and the post-apocalyptic political drama vibe. I do still love the show and I'm invested in S2, but I do wish we had more of what S1 was.",reaction,paradise_format_debate,"Emotion-led, mild reasoning"
"Oh I love it soooo much and I think they'll get to the bunker later. I love how each episode is its own story that weaves into the main story. So good!",reaction,paradise_format_debate,"Enthusiastic, emotion dominates"
"When Gary did the Teri was my best friend cliffhanger in E4, and then it comes back to ANOTHER survival flashback story in E5, that's what put me over the edge on disliking this format. I do not care how characters I've never met before end up coming together. We did not need all that other stuff about what a sad sack Gary was.",critique,paradise_format_debate,"Specific structural critique with examples"
"No I'm finding this storyline much more interesting than the political drama in the bunker.",hot_take,paradise_format_debate,"Bare preference, no reasoning"
"I liked the latest episode more than I did Annie's, but I mostly agree with you. Silo did this too, you came for the world and the intrigue, and then in s2 they treat you with personal stories of often poorly acted 2nd and 3rd tier characters you didn't come to care about. They seem to do this to stretch run time.",critique,paradise_format_debate,"Reasoned critique with comparison"
"I felt the same way. I was like I've seen this show before, and they definitely felt inspired by the Last of Us with big name stars that die off after a very cinematic stand alone episode.",critique,paradise_format_debate,"Judgment with a specific observation"
"Ooh I thought I was going to hate it. Loved the moderate sci fi political thriller vibes of the first series and don't like survival shows so didn't think X being outside would be as good. But I feel like I've been proven wrong and am absolutely obsessed!",reaction,paradise_format_debate,"Emotional turnaround"
"I agree I cant stand the format of the show this season",hot_take,paradise_format_debate,"Bare negative verdict"
"Partially agree. Like when they started out with this premise, I was like ugh no. But every episode has been so enjoyable. The way they are slowly unfolding every storyline is so delectable. I don't think there has been a bad episode.",critique,paradise_format_debate,"Judgment with reasoning about pacing"
"I don't mind it but it's definitely budget apocalypse tv compared to the bunker stuff that works so much better being filmed in fake neighborhoods on studio backlots so it creates that artificial community feeling.",critique,paradise_format_debate,"Judgment with specific production reasoning"
"Yea this season sucks I really enjoyed the first season!",hot_take,paradise_format_debate,"Bare verdict"
"I love how different we all are!! I just told my husband I'm so glad to be out of the bunker with Jane killing everyone and lying about it! I'm also a Sterling K Brown Stan so I could be biased! I don't want to watch scenes he's not involved in!",reaction,paradise_format_debate,"Emotional, preference-driven"
"I loved season 1 in the bunker and the mystery of who killed Cal. The plot twists and flashbacks all served to enhance the show. Roll on season 2 and the pacing is so much slower, episode 1 was boring. Her death scene, although poignant and brilliantly acted, did not touch me in the same way Billy's death did. I think it's hard when a show makes side-characters more central and you don't really connect to them.",critique,paradise_format_debate,"Detailed comparative critique"
"The world building in season 1 was weak, EMPs can't take out nukes. But it's absolutely dire in season 2. Go look for mushrooms, when mushrooms have no calories. Shailene Woodley's character still having tins of beans three years in. The reality is that breakdown in modern agriculture like that would kill some 70 to 90 percent of the world's population.",critique,paradise_format_debate,"Detailed plausibility critique with specifics"
"Episode 6 and 7 were SO good we were yelling at the tv. This episode felt off, it felt super rushed, and the reveals were not satisfying in my opinion. So many questions left open. I still loved this show so much and hope Season 2 gives us more!",critique,paradise_s1_finale_thread,"Judgment with reasons (rushed, unsatisfying reveals)"
"I thought it was a little rushed, and a little underwhelming. If you think about the show there are gigantic plot holes in terms of the world building. What sort of economy could there possibly be? Where does the garbage go? If you only have 25,000 people to survive an apocalypse, wouldn't you populate it with mostly young healthy fertile people?",critique,paradise_s1_finale_thread,"Detailed plot-hole critique"
"They could've made the Explorers an episode instead of a quick flashback. They really could have built on the science, aggressive nations, how the people left behind may be living with no government and tainted resources. I hope they tighten up the writing for next season.",critique,paradise_s1_finale_thread,"Constructive critique with specifics"
"In the moment, I could accept that he was only concerned about Presley but none of these questions cross his mind before his ultimate decision? That's just poor writing.",critique,paradise_s1_finale_thread,"Judgment (poor writing) with reasoning"
"Yes! I was gripped from ep 7 and couldn't wait for the finale. But honestly kept rolling my eyes throughout the whole thing because it felt like the storytelling played out like a corny CW show. Everything felt so contrived.",critique,paradise_s1_finale_thread,"Judgment with comparison and reason"
"I can't reconcile the moments of this show that feel like prestige TV vs the moments that are worse than CW level writing.",critique,paradise_s1_finale_thread,"Quality judgment with a specific contrast"
"I was disappointed and didn't like E8. The who and why regarding the killer really seemed illogical and made no sense. This PM who barely knew his workers bonded over food and that was enough to kill who he thought was responsible? Why didn't he do better research after being there 3 years?",critique,paradise_s1_finale_thread,"Judgment with reasoning about character logic"
"It just ignored all the clues and secrets we've been following all the other episodes. Why was Cal so paranoid thinking Sinatra was about to murder him only to randomly be offed by some other guy? That's awfully convenient. It felt very anticlimactic.",critique,paradise_s1_finale_thread,"Argued critique of the resolution"
"They literally hand picked everyone to be in this community. Why on earth would they pick a lady with a severe nut allergy that needs an epi pen to run a diner in a vegan/nut friendly environment? I feel like any severe allergies would not have made the list.",critique,paradise_s1_finale_thread,"Plausibility critique with reasoning"
"It kind of reminded me of some Marvel Disney plus shows where the second to last episode is so good that the last one pales in comparison. It's a good episode, but it was following a masterpiece. And it did feel a little rushed.",critique,paradise_s1_finale_thread,"Judgment with comparison"
"Everything else about the series was so excellent. This last episode was a complete trash fire. No way Presley would say go get her, no way the gun woman would lay down for the kids, the deus ex machina of the librarian was complete horse shit. The whole series was so let down. They had just finished building the world now they have to forget that and build another.",critique,paradise_s1_finale_thread,"Strong critique with multiple specific reasons"
"THAT WAS HANDS DOWN THE WORST SEASON FINALE IN HISTORY!! I honestly could rattle off 100+ reasons why that episode was a JOKE!! Jane with that stupid ass Wii bullshit just has me in tears it was soooo stupid! Let alone the Library being the guy and he doesn't even show face until half way through the final episode?!",critique,paradise_s1_finale_thread,"Furious but reasoned, cites specific problems"
"It's very disappointing when the assassin ends up being somewhat random with no clues and the whole assassination was due to a series of extraordinary unlikely events. Assassin happens to get jailed near the cave, happens to escape at the right time, happens to steal the ID wrist from someone he looks similar to. It's all so convenient and dumb. Lazy writing.",critique,paradise_s1_finale_thread,"Detailed critique of contrivance"
"After all the mystery over who killed Cal, the fact that it boiled down to this random guy who snuck into the compound years ago was such a letdown. There was nothing throughout the season to clue you in, so the audience was blindsided by this deus-ex-assassin. It was an entertaining, well acted, well produced show that ended up being pretty silly and nonsensical when it all came together.",critique,paradise_s1_finale_thread,"Extensive argued critique"
"It was objectively terrible. And this coming from someone who loved eps 1-7. Ruined the series. I don't understand how the creative team thought the best way to payoff the whodunnit was to attribute it to a random who was never part of the plot. They spend the series showing you all these characters, all these motivations, and nope it's this dude who scammed his way in.",critique,paradise_s1_finale_thread,"Judgment with reasoning despite the objectively framing"
"Only disappointed because of how great the lead up was. The ending felt rushed and a bit sloppy. I also really don't like Jane's character. Also it took the killer seeing the president once for all the bad memories to flood back? He was the president, he was obviously seen several times before.",critique,paradise_s1_finale_thread,"Judgment with a logic-gap reason"
"It felt rushed, and with such little time to fully wrap things up, several things were glossed over and it felt unfulfilling to me. I think they needed at least 2, maybe 3 episodes to accomplish what they tried to do in 45 minutes. That being said, the show's concept and cast are amazing, and episode 7 was the best TV I've seen in a while.",critique,paradise_s1_finale_thread,"Balanced critique with reasoning"
"I understand what you mean with it feeling a little meh. I thought it was great and answered our questions but left just enough for next season. I think the reason some people feel it was ehh was because of how AMAZING last week was. It is so hard to follow up an all time episode but I think they did an amazing job.",critique,paradise_s1_finale_thread,"Defends the finale with reasoning"
"Nope! Thought it was fantastic. Can't wait for season 2.",reaction,paradise_s1_finale_thread,"Bare enthusiasm"
"Season 2 really sucks",hot_take,paradise_s1_finale_thread,"Bare verdict"
"Definitely felt a little rushed but was good overall. Why wouldn't X do a little recon before leaving? He just grabs a plane and opens the barn doors to the mountain? Why would he head to Atlanta if his wife had been out there for three years? Why would he leave his kids with Robinson, he doesn't even like her?",critique,paradise_s1_finale_thread,"Judgment with stacked logic questions"
"X gets into a 3 year benched plane and just fires it right up. And of course it has enough fuel to get to ATL. And no one's outside the big doors in a mountain even though people were talking about the place in Colorado. I'm really nitpicking this one though.",critique,paradise_s1_finale_thread,"Plausibility critique"
"THAT was the worst, I don't like Jane's character at all",hot_take,paradise_s1_finale_thread,"Bare opinion"
"I was wondering what happened to her. Did they kill her?",reaction,paradise_s1_finale_thread,"Question/curiosity, mild"
"AFter I got past the initial WTF feeling of the finale, I started to realize I was a bit disappointed in it. I think the reason they got us so good was because they made us think there was a crazy elaborate plan to kill the president when really it was a hurt man who acted on emotion. The reveal was good but everything around it was what made it bad.",critique,paradise_s1_finale_thread,"Reflective critique with reasoning"
"I think when I saw the running time was going to be 46 minutes, it was a tip off that this episode would not be as good as Episode 7. It just seemed the purpose of this episode was to reveal who the murderer was and set up next season. There was little to no drama.",critique,paradise_s1_finale_thread,"Judgment with reasoning"
"To play the Wii in peace.",hot_take,paradise_s1_finale_thread2,"Joke one-liner reply, bare"
"Lots of plot holes in this show but I still had a great time watching this season.",hot_take,paradise_s1_finale_thread2,"Brief mixed verdict, minimal reasoning"
"Yup, they fucked the landing unfortunately",hot_take,paradise_s1_finale_thread2,"Bare verdict"
"Jelly I loved it. Cant wait for the next season.",reaction,paradise_s1_finale_thread2,"Bare enthusiasm"
"The acting/dialogue/overall writing fell off a cliff in the finale. I don't understand what happened. The sociopath with the Wii thing? That line was so bad and forced. Feels like the actors weren't sold on what they were saying.",critique,paradise_s1_finale_thread2,"Judgment with specific example"
"I'm not disappointed with the finale at all.",hot_take,paradise_s1_finale_thread2,"Bare verdict"
"I give it 1 star. X spends all season trying to figure out the killer and now in a matter of hours just by walking around the library he stumbles into the killer who graciously spills all his secrets. Jane is a terribly weak and weird character, she's almost comic relief with her Wii obsession. This show has such promise but it's feeling predictable and narrow.",critique,paradise_s1_finale_thread2,"Detailed argued critique"
"Nope",hot_take,paradise_s1_finale_thread2,"One-word verdict (answering was-it-disappointing)"
"It was awesome! Answered the big questions of the season good. Then set up an awesome season 2! It's very similar to leaving the vault in Fallout",reaction,paradise_s1_finale_thread2,"Enthusiasm, light reasoning"
"No it didn't. What did it answer? We still don't know what Sinatra's hiding. We don't know why Jane's such a psycho. This episode really didn't answer anything we've been trying to figure out. Instead it introduced a new character to be the random killer. That's such lazy writing.",critique,paradise_s1_finale_thread2,"Argued rebuttal with reasons"
"I didn't know that was the finale. 8 episodes that's what they are calling a series now. That's complete bs",hot_take,paradise_s1_finale_thread2,"Complaint verdict, minimal reasoning"
"I thought it was mediocre at best",hot_take,paradise_s1_finale_thread2,"Bare verdict"
"Yeah the reveal of the killer felt a bit underwhelming and out of nowhere. I felt the other episodes tied together nicely, but the ultimate reveal felt underwhelming. It should have been someone who wasn't a main character but we had been seeing as a secondary character. Not a tertiary we saw the guy once thing.",critique,paradise_s1_finale_thread2,"Judgment with constructive reasoning"
"Only just realized last weeks episode was the finale. Had nothing to lead me to believe that was the end. What a meh ending.",hot_take,paradise_s1_finale_thread2,"Brief verdict"
"It went from my favorite show of maybe the year to just a good show with the ending. Was very rushed.",hot_take,paradise_s1_finale_thread2,"Verdict with minimal reasoning"
"The season finale was hokey. Super disappointing. It was like the game clue. When that librarian was revealed, I felt like it was a Mrs. Peacock in the sitting room with a hammer type of thing. Dumb.",critique,paradise_s1_finale_thread2,"Judgment with a vivid comparison"
"We were really disappointed! We were sure it was his son!! Bringing in a character nobody knows or is invested in during the last episode to conclude it is sloppy. We hated the ending but the season was great so we will be back.",critique,paradise_s1_finale_thread2,"Judgment with reasoning"
"Yes there has to be suspension of disbelief for all shows, but this was possibly the stupidest outcome. I would have loved it so much more if Xavier had just shot Sinatra in the head. Jane is a garbage character that makes no sense. Xavier's character would have put a bullet in Sinatra's head. But lame ass writing trying to keep this premise going ruined it.",critique,paradise_s1_finale_thread2,"Argued critique of character logic"
"I was disappointed with the whole thing. The nonstop non linear story telling. Not killing Sinatra when he first confronts her. This show was every dumb, tired trope of the 21st century.",critique,paradise_s1_finale_thread2,"Judgment with specific complaints"
"i was trying to figure out how a plane, which had just been sitting there for years, could be ready to fly with no mechanic checking it out first. that was illogical",critique,paradise_s1_finale_thread2,"Plausibility critique"
"Nah I thought it was really cool and honestly very empathetic. Showing the origins of Paradise and how it was built off the back of poor and mostly black men was a reference to how America was built. Plus the acting was just so good. Xavier's breakdown was incredible, the lip quivers, the body trembles were all amazing body language.",critique,paradise_s1_finale_thread2,"Praise with detailed reasoning"
"Nah, I loved it!! In fact, it was very satisfying to me. I didn't guess who it was, but I'm not really into the speculations",reaction,paradise_s1_finale_thread2,"Enthusiasm"
"During finale it dawned on me that the show is just so ridiculous. Like many series, it started strongly and finished absurdly. I did enjoy it though.",hot_take,paradise_s1_finale_thread2,"Brief mixed verdict"
"Deus ex machina. Still, it's a GREAT show.",hot_take,paradise_s1_finale_thread2,"Two bare verdicts, no reasoning"
"No, not at all!",hot_take,paradise_s1_finale_thread2,"Bare verdict"
"I'm disappointed in that now it's just going to be another post-apocalypse where father roams the countryside searching for presumed dead spouse. One of the biggest flaws in streaming series is the need to go on and on. I'd rather them have used two or three more episodes to tell a complete story rather than setting up a season of knight-in-shining-plane off to rescue damsel-who's-not-in-distress.",critique,paradise_s1_finale_thread2,"Argued critique of direction"
"Episode 7 is genuinely one of the best episodes of television that I've ever seen. That being said, I was absolutely gobsmacked at how stupid the season finale was. The prior episodes established the bunker was the biggest secret in the world, yet the government uses regular construction crews? A recycling facility was the best cover they could come up with? The presidential assassination conspiracy being undone by an allergy to tree nuts is horrifically lazy writing.",critique,paradise_s1_finale_thread2,"Extensive detailed critique"
"A little bit. I expected a little more twist and turn, and a little more suspense. Some of the story was a little sloppier than past episodes. But it was decent. I don't really buy the girl assassin being as hard core and psycho as they are presenting her.",critique,paradise_s1_finale_thread2,"Balanced critique"
"Tried too hard for a plot twist by being a character that had nothing to do with the previous 7 episodes. Makes no sense to the build up created and he doesn't even show him outside.",critique,paradise_s1_finale_thread2,"Concise reasoned critique"
"Disappointed? I'm sorry but I thought it was brilliant. Like no one expected for that to be the killer and the fact he only showed up once before really and just everything about it was beautiful. The flashback, the music, the story. and I love that we are now going to get to explore the outside next season",reaction,paradise_s1_finale_thread2,"Enthusiastic, light reasoning"
"honestly a terrible last episode. A random builder hurt because his colleagues were left behind decided to kill the president one day and did it with no one suspecting it. There was potential for so much more but this was such a lazy ending. It was such a good show but the ending has to be one of the worst I remember.",critique,paradise_s1_finale_thread2,"Argued critique"
"Yeah, the first 70% of the season was really intriguing. The ending feels like a subversion of expectations for the sake of subversion of expectations. I also thought X's wife being alive was way too convenient and feels shoehorned in for the sake of setting up s2. Dunno, it all felt really disjointed.",critique,paradise_s1_finale_thread2,"Reasoned critique"
"Cool. Don't watch it bro",hot_take,paradise_s1_finale_thread2,"Dismissive one-liner"
"It's just more of the same superficial garbage it's been the whole season. This is a typical TV show which glosses over any inconvenient stake implied by the story. They just gave back the guns and abandoned the plan cause X has feelings? It's just superficial and lazy.",critique,paradise_s1_finale_thread2,"Argued critique with reasons"
"I feel like this is one of those series that is amazing, but didn't get marketed right. there's so many easter eggs and as I'm doing a rewatch there's A LOT of Elvis references. I love stuff like this and I appreciate the writers.",critique,paradise_underrated_thread,"Judgment with reasoning (easter eggs, references)"
"I love Paradise, but it definitely seems like a network tv show to me, not a cable one. I don't know why I feel that way, but that's the vibe I get. Like it feels like it would be an ABC show back in the days before streaming.",hot_take,paradise_underrated_thread,"Vibe-based verdict, admits no real reasoning"
"JUSTICE FOR EXTRAORDINARY!!!",reaction,paradise_underrated_thread,"Emotional outburst"
"That first episode of season two was impeccable",reaction,paradise_underrated_thread,"Bare emphatic praise"
"I think this one works with ad breaks in a way other prestige shows don't.",hot_take,paradise_underrated_thread,"Brief claim, minimal reasoning"
"I am on S2E1 and it is as good as the first season. getting ready to watch e3 and 4 right now",reaction,paradise_underrated_thread,"Casual enthusiasm"
"Such a breath of fresh air, it feels like something from CBS in a way but just keeps surprising me. I don't know how to describe it but it just punches way above its weight. In season 1 there were like 5 moments they could have been stretched out for a season finale reveal and they just blow past them.",critique,paradise_underrated_thread,"Praise with specific observation"
"Love PARADISE",reaction,paradise_underrated_thread,"Pure emotion"
"i like the show a ton, i love these type of dystopian shows but i think the Jane stuff is a bit corny, I think the president was corny, and I think Billy was a bit corny. I think they coulda casted those people better and made the Jane stuff less obnoxious.",critique,paradise_underrated_thread,"Judgment with specific criticisms"
"I thought Marsden was amazing in his role. The story of how he was murdered was lame",hot_take,paradise_underrated_thread,"Two bare verdicts, no reasoning"
"The second season did feel rushed and with 8 episodes I feel they removed so much",hot_take,paradise_plothole_thread,"Brief verdict, minimal reasoning"
"The scenes with those weirdo kids on the boat could have def been cut out. Especially because they robbed him anyways lol",hot_take,paradise_plothole_thread,"Brief opinion on editing"
"This is where a lot of people decide it's bad writing and others decide it's nuanced writing that trusts its audience. So much stuff is shot for TV shows and has to be cut for time.",critique,paradise_plothole_thread,"Balanced reasoning about the writing"
"One of the things I like about this tv show is that the dialogue is pretty tight. very little is wasted.",hot_take,paradise_plothole_thread,"Brief praise claim"
"One thing I thought odd about Xavier's time with Annie was how friendly he was. It seemed very out of character for someone who's a secret service agent and constantly looking around for danger. And as soon as he gets to the post office we see him on guard again.",critique,paradise_plothole_thread,"Character-consistency critique with reasoning"
"Ugh thank you! I thought the same things!",reaction,paradise_plothole_thread,"Emotional agreement"
"I was wondering the exact same thing!",reaction,paradise_plothole_thread,"Emotional agreement"
"The weirdest thing, as a Memphian, is that Teri is from Memphis and obsessed with Elvis. Especially as a black woman and not from the 1950s, we have so many better musicians from Memphis. I had a really hard time suspending belief that Teri, born in the 70s, was an Elvis fan.",critique,paradise_plothole_thread,"Plausibility critique grounded in local knowledge"
"Yeah this always bothered me. I kind of wish he had tried harder to get her not to go (begged, pleaded) and she was defiant and still went anyway. He was so casual about it. IMO if the president told me what he told cal I'd be freaking out.",critique,paradise_teri_debate,"Character-writing critique with reasoning"
"X being so upset at Cal was my issue as well. X isn't new to the game and has to understand how it works with top secret stuff. X was given all the warning he could and should have acted on it. He failed, not Cal.",critique,paradise_teri_debate,"Argued judgment about character logic"
"Agree. Was frustrating to watch, had me yelling at the screen!",reaction,paradise_teri_debate,"Emotional response"
"I agree with you on everything except the scientist, I thought he was hilarious.",reaction,paradise_teri_debate,"Light emotional reaction"
"Okay i just gotta say, I am RELIEVED that torabi finally got Jane's deranged ass outta there",reaction,paradise_timeline_thread,"Emotional relief"
"which i bawled my eyes out during btw",reaction,paradise_timeline_thread,"Pure emotional reaction"
"Your ideas and explanations are very good! Really like how this is presented! Deserves more attention!",reaction,paradise_timeline_thread,"Emotional praise of another comment"
"Reminds me of Silo, except there was some kind of a consistent plot with Silo. Episode 1 had me hooked, rest of them have been so poor, at this point I'm just watching out of respect for Sterling Brown lol",hot_take,paradise_hatewatch_thread,"Brief verdict with comparison, light reasoning"
"My thoughts exactly.",reaction,paradise_hatewatch_thread,"Bare agreement"
"Really enjoyed the pilot, but it's been crazy downhill from there. Last episode had me laughing with cringe a ton",hot_take,paradise_hatewatch_thread,"Brief verdict"
"I just sold my startup, if the stock moves the way I think it will, I will be worth eh 14 billion dollars. Jesus, that made me cringe so hard.",reaction,paradise_hatewatch_thread,"Emotional cringe reaction to a line"
"So, I really like it. The only character I don't like is the daughter. Like where is her brother when she's with the president's son? Why isn't she watching him? Her lines are the main ones where I'm just cringing.",critique,paradise_hatewatch_thread,"Judgment with specific reasoning"
"Fogelman is not a good writer, but he can be a compelling one in a network trash kind of sense. The show isn't going to stop being what it is, you will have to adjust to its vibe.",hot_take,paradise_hatewatch_thread,"Verdict on the writer, minimal support"
"Halfway through episode three and needed to come to Reddit for validation that I'm not just a snob, this show actually does have pretty bad writing. I went in blind and thought the first episode was pretty good. Tight writing, strong focus on a few interesting characters. It all went downhill so fast from there. I don't care about any of these characters and the show obviously wants me to cry about their personal tragedies every episode.",critique,paradise_hatewatch_thread,"Detailed argued critique"
"I went to watch episode 4 today and thought why am I doing this and watched something else",hot_take,paradise_hatewatch_thread,"Dismissive verdict, no reasoning"
"I was rolling with it until the last episode. It just seemed to jump to a different genre.",hot_take,paradise_hatewatch_thread,"Brief verdict"
"I absolutely love this show. And I love most if not all the performances. I love the premise, and as someone who also loves Silo, I much prefer this season of Paradise over Silo's last one",reaction,paradise_hatewatch_thread,"Enthusiastic, light reasoning"
"Its super cheesy, but in an ABC way. Reminds me of shows like Heroes, Flash Forward, The Dome etc. Not everything needs to be Shogun",hot_take,paradise_hatewatch_thread,"Verdict with comparisons, minimal reasoning"
"This was my impression early on, it really feels like a 2010s drama trying to be the next Lost, The Whispers, Resurrection, Reverie, The River, Terra Nova, Flash Forward.",hot_take,paradise_hatewatch_thread,"Comparison-based verdict"
"The dialogue is so rigid, awkward, and silly. The characters make the most random decisions, and the cliffhangers don't even feel like real cliffhangers. They're more like soap opera moments, kind of like Scandal when it completely went off the rails. Right now I'm just hate-watching this show to see how much more cringe it can get.",critique,paradise_hatewatch_thread,"Judgment with multiple specific reasons"
"Its moving faster plot wise than I thought. They have definitely overdone the old 80s song sung in gothic tone by Lorde-type singer in the final five minutes of every episode though",critique,paradise_hatewatch_thread,"Specific recurring-device critique"
"I enjoyed it pretty much, but i've had my biggest laugh at the scene with the Wii in the last episode. lol",reaction,paradise_overall_thread,"Light amused reaction"
"It's a good show, not great, has some nice moments but also occasional spots of bad writing. Episode 7 was a blockbuster though, and the acting is top quality throughout, particularly Sterling K. Brown who owns every scene he's in.",critique,paradise_overall_thread,"Balanced judgment with reasoning"
"James Marsden was pretty fucking great too",hot_take,paradise_overall_thread,"Bare praise"
"Both leads were great! Sterling K Brown and james marsden both. Enjoyable show that keeps you engaged",hot_take,paradise_overall_thread,"Bare positive verdict"
"James Marsden and Sterling K. Brown in a show together? I will give this show a try.",reaction,paradise_overall_thread,"Casual enthusiasm"
"I don't know if I've ever watched a show that simultaneously has such good acting and such bad writing.",hot_take,paradise_overall_thread,"Verdict with a contrast, minimal support"
"The flashbacks are just so much better than the actual plot. The main storyline is really poorly written while all the good drama is happening in the flashbacks. I hate the villain and not in a good way.",critique,paradise_overall_thread,"Judgment with reasoning"
"I thought up to episode 7 was pretty great, but oh man, they botched the landing with that finale.",hot_take,paradise_overall_thread,"Brief verdict"
"It's kinda wild how good Episode 7 is. I give the series overall like a 7.5 to 8. Not exceptional, but good at times. Episode 7 however, I give a 9.5 easily. It's near flawless.",hot_take,paradise_overall_thread,"Rating-style verdict, light reasoning"
"James Marsden is a delight to watch. While I really like SKB, I find him monotone and wooden here.",hot_take,paradise_overall_thread,"Bare opposed verdicts on two actors"
